{
  "Name": "MidiPad",
  "Version": "0.1.0",
  "Factory Info": {
    "Vendor": "Whoadrian",
    "URL": "whoadrian.github.io",
    "E-Mail": "whoa.adrian@gmail.com",
    "Flags": {
      "Unicode": true,
      "Classes Discardable": false,
      "Component Non Discardable": false,
    },
  },
  "Classes": [
    {
      "CID": "ABCDEF019182FAEB57686F6157413032",
      "Category": "Audio Module Class",
      "Name": "MidiPad",
      "Vendor": "Whoadrian",
      "Version": "0.1.0",
      "SDKVersion": "VST 3.7.11",
      "Sub Categories": [
        "Instrument",
        "Tools",
      ],
      "Class Flags": 2,
      "Cardinality": 2147483647,
      "Snapshots": [
      ],
    },
    {
      "CID": "ABCDEF011234ABCD57686F6157413032",
      "Category": "Component Controller Class",
      "Name": "MidiPad",
      "Vendor": "Whoadrian",
      "Version": "0.1.0",
      "SDKVersion": "VST 3.7.11",
      "Sub Categories": [
        "Instrument",
        "Tools",
      ],
      "Class Flags": 2,
      "Cardinality": 2147483647,
      "Snapshots": [
      ],
    },
    {
      "CID": "ABCDEF01C0DEF00D57686F6157413032",
      "Category": "Plugin Compatibility Class",
      "Name": "MidiPad",
      "Vendor": "Whoadrian",
      "Version": "0.1.0",
      "SDKVersion": "VST 3.7.11",
      "Class Flags": 0,
      "Cardinality": 2147483647,
      "Snapshots": [
      ],
    },
  ],
}